,NAME,USER_ID,HOURS_DATASCIENCE,HOURS_BACKEND,HOURS_FRONTEND,NUM_COURSES_BEGINNER_DATASCIENCE,NUM_COURSES_BEGINNER_BACKEND,NUM_COURSES_BEGINNER_FRONTEND,NUM_COURSES_ADVANCED_DATASCIENCE,NUM_COURSES_ADVANCED_BACKEND,NUM_COURSES_ADVANCED_FRONTEND,AVG_SCORE_DATASCIENCE,AVG_SCORE_BACKEND,AVG_SCORE_FRONTEND,PROFILE
28,Stormy Muto,58283940,7,39,29,2,4,0,2,5,0,84,74,,beginner_front_end
81,Carlos Ferro,1357218,32,0,44,2,0,0,0,5,0,67,45,,beginner_front_end
89,Robby Constantini,63212105,45,0,59,0,5,4,0,4,1,,54,47,advanced_front_end
138,Paul Mckenny,23239851,36,19,28,0,5,7,0,5,3,,71,89,beginner_data_science
143,Jean Webb,72234478,61,78,38,6,11,0,4,3,0,66,85,,advanced_front_end
169,Emily Rushton,9116044,24,69,68,3,7,0,4,5,0,66,75,,advanced_front_end
179,Rosaria Copeland,59316838,54,52,12,4,3,0,5,9,0,87,51,,beginner_backend
223,Curtis Rocha,49603646,0,42,13,0,5,5,0,5,3,,74,67,beginner_backend
346,Billy Phagan,34468193,40,20,34,0,5,2,0,7,0,,53,65,beginner_front_end
401,Lynn Diaz,29372594,27,117,2,0,4,0,0,7,4,,40,3,beginner_front_end
439,Danny Wilkinson,69211796,51,38,27,0,4,0,0,5,2,,38,41,beginner_front_end
511,Marc Ferris,34028847,39,52,34,2,4,4,1,5,5,69,65,73,beginner_backend
512,Monique Vaughn,87147288,28,44,16,3,2,5,0,4,4,41,40,76,beginner_data_science
513,Laurie Ropers,28065441,74,36,41,2,5,2,3,4,2,52,77,66,advanced_front_end
514,Roberto Russell,13095342,69,40,18,4,3,5,4,7,6,40,82,78,advanced_data_science
515,Laura Tofil,81228144,46,102,44,7,9,3,5,3,3,69,94,50,advanced_front_end
516,Angela Boner,72893547,54,71,47,2,4,3,2,5,5,70,88,86,beginner_backend
517,Ursula Kuehnert,34472788,68,54,29,4,8,5,6,4,3,64,69,50,advanced_front_end
518,John Shear,41667523,18,48,10,2,4,5,3,7,0,82,75,57,beginner_backend
519,John Tharp,83004498,47,46,53,3,5,3,4,3,1,66,60,51,beginner_front_end
520,Alberto Cruz,29764891,65,27,27,1,7,5,4,6,4,63,55,62,beginner_front_end
521,Lance Rochester,19728116,49,44,85,2,3,5,6,4,2,45,89,61,beginner_data_science
522,David Jared,36738892,34,68,43,7,3,6,3,6,0,51,58,63,advanced_data_science
523,Marcus Pettit,46839787,36,0,63,2,0,2,0,7,5,36,72,65,advanced_front_end
524,Mary Armand,55261852,0,13,13,2,5,2,3,3,5,84,60,61,beginner_backend
525,Concepcion Vorhies,5144540,37,57,28,5,3,5,4,1,4,80,70,70,advanced_backend
526,Charles Redman,21092358,49,51,31,5,2,5,3,7,3,59,65,72,beginner_backend
527,Juan Mitchell,84443850,19,43,25,2,3,5,2,3,6,70,83,61,beginner_backend
528,Joan Laird,99006866,85,8,30,7,4,7,1,3,2,39,84,71,advanced_data_science
529,Jamel Stewart,40005419,69,82,23,5,3,2,3,6,1,70,73,61,beginner_backend
530,Cheryl Minor,57558318,57,68,7,8,2,8,2,4,2,67,63,83,advanced_data_science
531,John Bell,78525239,16,60,54,4,2,4,7,6,7,60,70,79,advanced_backend
532,Stephen Bruno,40816958,76,0,24,5,6,5,3,3,3,63,55,65,beginner_front_end
533,Edward Lilley,10893158,15,60,71,3,6,1,2,5,1,72,69,57,advanced_front_end
534,Sharon Mosier,34313624,42,42,76,6,3,4,6,1,4,75,59,45,beginner_data_science
535,Albert Taft,17119385,90,31,73,4,6,8,3,7,0,47,40,62,beginner_front_end
536,Terrence Nieves,1415906,41,25,26,2,5,1,2,4,4,41,80,72,advanced_front_end
537,Ronald Edwards,50796625,29,60,23,3,5,3,3,5,1,89,80,69,beginner_backend
538,Brian Hensley,47525720,13,64,0,6,3,5,0,4,1,68,50,65,advanced_data_science
539,Jimmy Whicker,90085135,48,90,41,5,2,5,1,4,3,83,41,95,advanced_data_science
540,Robert Edwards,71437699,32,64,50,4,0,8,4,0,10,100,,76,advanced_backend
541,Melanie Pulliam,10811603,12,25,41,6,5,9,2,2,3,89,90,81,beginner_data_science
542,Joyce Griffin,32166875,15,54,36,5,3,7,5,5,4,63,75,62,advanced_backend
543,Don Tripp,20686952,47,46,96,4,1,4,1,0,5,50,68,67,beginner_data_science
544,Joe Martin,25603651,20,37,45,4,6,3,6,7,8,86,59,59,beginner_front_end
545,Margaret Violet,25189657,44,36,37,4,5,3,3,5,2,70,64,59,beginner_front_end
546,Delores Morgan,69945656,17,39,14,5,3,5,6,4,5,68,80,61,advanced_backend
547,Theresa Tello,51487356,57,3,53,4,3,7,3,6,2,65,51,78,beginner_front_end
548,Michelle Staggs,6679474,92,64,70,2,4,4,2,7,2,58,88,92,beginner_data_science
549,William Harlow,92892886,29,79,39,5,4,6,5,1,3,67,60,67,advanced_backend
550,Harland Gabe,44923822,82,70,21,8,11,2,7,1,7,66,79,42,beginner_front_end
551,Shirley Southwick,33038016,22,38,50,4,4,3,1,6,4,51,91,53,advanced_front_end
552,Martin Erickson,12800691,62,62,14,5,8,4,5,5,6,75,70,52,beginner_front_end
553,Patricia Harris,63409227,58,55,42,1,8,3,6,2,0,95,54,74,advanced_front_end
554,Maria Wittner,7927168,50,42,91,4,4,8,3,3,1,56,69,56,beginner_data_science
555,Lucille Munsey,68015947,22,29,42,1,3,6,5,4,3,68,77,67,beginner_data_science
556,Roger Palmer,38626155,43,60,27,7,3,4,3,3,0,74,60,82,advanced_data_science
557,Anita Silkenson,18841597,4,75,52,3,3,4,6,1,1,57,74,80,advanced_backend
558,Toni Sawyer,64613675,65,39,47,4,5,4,2,3,2,67,70,52,advanced_front_end
559,Rosemarie Turner,14022506,30,0,23,4,4,2,5,7,4,85,88,81,beginner_front_end
560,Kelsey Wegner,58779700,52,73,16,4,2,0,4,5,2,67,61,68,beginner_backend
561,Patricia Schechter,38431395,45,57,38,6,8,2,3,9,6,77,63,49,beginner_front_end
562,Patricia Mcrae,197787,72,26,62,2,3,6,3,4,6,40,62,67,advanced_data_science
563,Kristine Pugh,9121922,55,80,42,1,4,4,7,11,5,50,64,57,advanced_data_science
564,Helen Keeney,64043525,44,90,0,4,1,3,3,0,6,65,77,58,beginner_backend
565,Randy Ballintyn,53188901,54,66,44,5,3,4,3,2,2,73,25,76,advanced_data_science
566,Daniel Townsend,3516387,29,69,63,2,5,5,4,3,5,44,67,72,advanced_data_science
567,Leeanne Jordan,34109584,38,28,27,1,4,,3,4,5,68,73,73,advanced_front_end
568,Bonnie Brinkman,83795319,52,35,37,2,2,3,5,5,8,68,96,64,advanced_backend
569,Bonnie Medina,66174437,27,43,53,0,6,4,2,3,1,49,53,36,advanced_front_end
570,Donna Skinner,94558625,85,24,0,1,6,1,0,0,1,47,52,42,beginner_front_end
571,Peter Morales,57302076,44,50,41,4,1,1,5,5,3,59,67,72,beginner_backend
572,Dale Swanson,46214453,27,29,45,5,3,6,0,1,2,68,69,83,advanced_data_science
573,Louis Carpenter,38070920,59,44,23,7,2,5,2,5,2,66,36,63,advanced_data_science
574,Joy Kato,77874552,46,38,71,7,3,6,5,1,2,53,78,62,beginner_data_science
575,Michelle Mundell,13005478,70,40,50,4,5,3,6,8,3,41,52,50,advanced_data_science
576,Patricia Jones,47901337,40,39,63,4,3,6,0,1,1,65,30,54,advanced_data_science
577,Larry Pierce,26603202,17,60,58,1,7,4,6,5,2,90,82,67,advanced_front_end
578,Andrea Gardner,2777983,37,55,37,2,0,3,9,1,7,84,67,80,advanced_backend
579,Patrick Peck,64176692,34,24,50,3,4,4,3,3,2,41,65,71,beginner_data_science
580,Michele Arbuckle,92673264,40,61,10,5,6,3,3,8,7,91,46,42,beginner_front_end
581,Marsha Darrin,57925743,40,80,23,3,9,6,6,3,0,76,66,35,advanced_front_end
582,Robert Tedder,92942356,29,13,57,3,5,1,2,11,0,83,60,81,beginner_backend
583,Amanda Dekany,97855167,9,78,33,3,5,1,6,7,5,57,90,91,advanced_front_end
584,Jesse Tharpe,73092656,59,2,28,1,5,2,2,2,1,58,62,63,beginner_front_end
585,Melissa Herr,79909940,44,82,0,3,0,4,3,1,7,56,88,74,beginner_backend
586,Dewey Bradshaw,96257474,73,58,31,2,1,6,2,4,7,68,87,54,advanced_backend
587,Rita Byrne,87676286,48,80,29,5,5,3,0,9,4,81,35,35,beginner_front_end
588,Raymond Larsen,85502620,4,26,17,9,7,5,3,3,3,69,72,86,advanced_backend
589,Jimmy Brown,21610989,33,69,5,5,1,4,0,5,2,64,50,55,beginner_backend
590,Shannon Crawford,3776377,39,35,25,6,4,6,1,6,2,56,81,72,advanced_data_science
591,Albert Marquez,2010402,0,80,58,3,1,5,8,0,4,74,63,78,advanced_backend
592,Iris Smith,71656034,44,57,44,3,3,3,4,6,1,67,57,76,beginner_backend
593,Regina Silva,45001689,63,20,0,5,3,4,7,5,7,67,70,49,advanced_backend
594,Clark Neal,21425001,53,19,45,3,4,2,2,6,3,58,79,67,advanced_front_end
595,Paula Rhodes,15873451,41,65,48,4,6,3,5,6,3,55,82,61,advanced_front_end
596,Helen Fisher,76411012,46,52,31,0,0,3,6,5,5,56,80,72,advanced_backend
597,Allan Adkins,54534858,40,34,11,3,4,3,3,7,7,84,46,50,beginner_front_end
598,William Patterson,79155215,54,70,28,5,2,7,1,8,4,64,66,74,advanced_data_science
599,Patrick Harris,26868394,37,26,26,0,4,2,5,7,2,63,64,69,beginner_data_science
600,Randolph Weller,46052685,6,4,35,2,3,5,1,2,4,69,60,75,beginner_data_science
601,Robert Burch,58417714,45,28,22,3,6,4,3,5,2,48,70,54,advanced_front_end
602,Mickey Munoz,46266248,32,19,52,3,4,0,5,4,4,69,62,56,beginner_front_end
603,Rebecca Fala,66329441,36,56,33,5,4,4,4,4,3,58,48,56,beginner_data_science
604,Gloria Rubin,20411432,39,67,41,3,0,3,3,5,2,57,90,78,beginner_backend
605,Jack Brooks,25206001,39,53,38,5,2,6,2,0,2,60,28,69,advanced_data_science
606,Sonja Vargas,88275225,15,38,13,2,7,4,3,5,3,55,80,56,advanced_front_end
607,Lucille Isbell,89405689,52,42,4,6,5,4,3,4,5,75,72,57,beginner_front_end
608,Angela Borum,2309384,3,50,22,1,9,3,4,4,3,51,80,51,advanced_front_end
609,Tracey Destefano,62821707,11,30,54,4,0,4,1,0,5,54,,68,beginner_data_science
610,Caroline Solanki,15649184,21,38,38,2,5,5,5,4,2,91,88,67,beginner_backend
611,Jamison Peters,86317357,21,,32,0,2,3,0,8,0,,64,69,beginner_backend
612,Evelyn Bessemer,11266040,36,0,42,4,1,2,6,5,3,72,64,71,beginner_front_end
613,David Thompson,88729016,41,44,24,4,3,4,1,7,4,83,41,53,beginner_front_end
614,Michael Baker,48562098,34,33,61,6,4,4,2,1,5,73,84,76,beginner_data_science
615,Mary Jackson,87168885,51,83,11,3,2,5,7,0,5,81,88,57,beginner_backend
616,Samantha Herrera,15756896,57,15,4,1,5,3,6,7,2,88,89,91,beginner_data_science
617,Elizabeth Johnson,80512227,25,33,79,4,1,3,3,2,4,44,50,54,beginner_data_science
618,Eric Martinez,51794738,36,51,23,5,2,4,11,2,5,66,52,64,advanced_backend
619,Laura Burger,10974300,61,52,39,2,1,3,4,6,4,59,76,79,advanced_backend
620,Inez Nobel,8544566,0,18,52,4,3,7,0,0,4,41,75,79,beginner_data_science
621,Rita Driscoll,17255781,11,40,41,3,6,5,2,7,2,66,63,66,beginner_backend
622,Gregory Diamond,86725848,0,22,55,0,6,4,0,5,4,,77,71,beginner_backend
623,Flossie Boyd,49984108,0,15,30,0,8,7,1,7,0,100,65,57,beginner_backend
624,Vincent Cahall,78851244,52,0,49,3,4,5,1,5,3,62,61,51,advanced_front_end
625,Todd Moody,36287154,30,54,55,3,4,0,3,6,4,56,73,87,advanced_front_end
626,Robert Garcia,36842534,45,13,9,4,1,4,0,7,1,77,51,63,beginner_front_end
627,Anna Rivera,74341221,65,74,0,8,3,5,9,7,3,48,68,77,advanced_data_science
628,Frances Jones,90527486,50,8,19,0,5,5,2,3,3,43,72,48,advanced_front_end
629,James White,48309070,19,78,50,4,2,4,4,2,0,61,67,88,advanced_backend
630,Manuel Robinson,39996940,5,54,68,3,5,0,2,6,3,55,76,84,advanced_front_end
631,Racheal Quinn,81472792,29,76,46,4,6,3,6,5,3,75,70,71,advanced_front_end
632,Nicole Labianca,45317603,22,21,34,0,0,4,7,4,3,87,85,74,beginner_backend
633,Edna Madigan,35324341,0,12,48,4,7,3,4,8,0,91,54,66,beginner_backend
634,Christopher Moore,14472354,32,57,68,3,6,2,4,5,2,65,70,59,advanced_front_end
635,Samuel Necaise,16564052,0,1,31,0,7,8,3,4,4,97,87,70,beginner_backend
636,Sonya Corlew,34804549,34,20,29,3,2,2,4,3,5,83,85,79,beginner_data_science
637,Pete Schuster,86985969,63,53,17,7,3,4,3,6,1,65,34,59,advanced_data_science
638,Janet Baber,33257209,49,65,20,4,6,4,2,7,5,88,52,46,beginner_front_end
639,Ramon Whiting,41730867,23,0,30,0,4,2,4,6,5,61,79,90,advanced_front_end
640,Christie Duckey,79522169,70,35,20,10,2,6,4,3,0,55,58,72,advanced_data_science
641,Pat Smith,60517210,56,40,50,4,5,5,3,5,3,61,81,45,advanced_front_end
642,Harold Allen,22302595,76,14,45,2,6,5,5,4,2,50,55,72,beginner_front_end
643,Walter Hastie,29811948,40,3,52,4,4,5,5,7,2,72,80,83,beginner_front_end
644,Carmen Clanton,52710878,0,92,57,5,3,4,4,5,5,74,74,67,advanced_front_end
645,Charles Swindle,1539545,32,69,47,2,5,4,6,5,2,80,58,79,advanced_front_end
646,Sharon Carter,63214368,30,74,40,5,5,7,2,5,2,54,81,63,advanced_data_science
647,Jasper Yan,63875515,0,91,77,4,1,5,5,8,7,63,55,66,advanced_front_end
648,Barbara Langham,51438625,2,58,21,5,6,8,6,1,10,68,78,54,advanced_backend
649,William Garcia,60371163,20,14,41,1,4,9,4,5,2,75,89,74,beginner_data_science
650,William Jarvis,6467007,68,58,16,5,4,6,6,4,6,61,60,47,advanced_backend
651,Edith Wright,52060012,12,101,62,5,5,2,6,7,4,72,84,74,advanced_front_end
652,Lashawn Aburto,58240070,15,51,17,2,3,4,2,5,3,78,76,69,beginner_backend
653,Douglas Lynn,58343900,21,42,7,7,4,9,0,0,5,89,78,75,advanced_backend
654,Gregory Sowell,75561285,29,104,53,4,5,8,1,2,4,51,70,51,advanced_backend
655,Marquita Smith,11584014,68,57,53,4,7,1,3,4,0,68,66,64,advanced_front_end
656,Jesse Schell,58472295,43,14,18,6,2,7,2,4,4,48,82,77,advanced_data_science
657,Paul Massa,53428740,44,56,49,4,1,3,5,3,3,73,65,89,advanced_backend
658,Sherry Morey,77820233,70,47,51,2,6,5,1,5,0,61,46,55,beginner_front_end
659,John Moorehead,22049419,49,52,5,7,2,7,1,5,1,70,74,73,advanced_data_science
660,Priscilla Catron,78334652,55,56,18,7,7,5,4,2,4,71,73,54,beginner_front_end
661,Brandon Tobey,30405338,8,39,71,4,1,2,5,4,7,88,91,100,advanced_backend
662,Lamont Salazar,65636397,86,80,40,5,0,0,4,6,5,45,62,80,beginner_backend
663,Eileen Epperson,71120129,59,43,52,5,5,7,1,3,1,52,67,58,advanced_data_science
664,Amy Richardson,33088749,17,65,24,5,4,5,5,0,1,62,70,71,advanced_backend
665,Steven Olivarez,41410694,9,42,14,4,4,1,8,3,1,57,67,88,advanced_backend
666,Randal Myatt,13773307,41,60,77,4,3,5,2,5,2,47,46,28,advanced_front_end
667,Carol Herzog,14305911,0,38,68,5,2,7,0,0,5,58,70,70,beginner_data_science
668,David Nein,80065430,0,77,52,3,5,2,6,5,5,83,82,95,advanced_front_end
669,Ardis Miller,41187439,0,56,58,3,3,3,2,6,4,73,77,71,advanced_front_end
670,Leah Taylor,34977427,31,39,40,0,7,1,5,7,1,51,68,70,advanced_front_end
671,Armando Wilkins,13175326,30,7,79,3,2,2,10,5,0,70,85,45,beginner_data_science
672,Anne Myers,21946690,17,6,36,3,2,10,4,3,1,80,100,81,beginner_data_science
673,Michael Taylor,82605229,17,77,31,3,4,3,5,8,2,72,66,64,advanced_data_science
674,Peter Salazar,84020110,24,15,46,4,1,8,3,2,3,69,75,74,beginner_data_science
675,Mark Wood,20782587,22,29,27,2,8,5,4,4,3,69,83,49,advanced_front_end
676,Fredrick Hegyi,45669493,30,57,24,2,5,1,3,5,5,40,87,77,advanced_front_end
677,Marlon Norman,35315429,22,40,0,1,1,1,0,5,3,86,62,46,beginner_front_end
678,Jon Byrant,82502365,18,14,15,0,3,7,2,4,2,66,67,80,beginner_data_science
679,Loretta Dunn,25681920,32,46,0,7,3,4,0,4,0,87,71,76,advanced_data_science
680,Ken Young,50572563,29,26,36,2,7,3,2,4,2,58,74,59,advanced_front_end
681,Jose Norton,63518746,52,55,18,5,4,5,4,3,5,68,64,67,advanced_backend
682,Emily Theisen,22108921,6,41,58,4,5,3,1,5,4,51,78,44,advanced_front_end
683,Milton Ferguson,34986386,26,11,50,0,5,4,2,5,3,62,75,56,advanced_front_end
684,John Ness,2313388,74,43,33,4,8,0,2,2,0,70,93,,advanced_front_end
685,Michelle Matelski,39586835,9,27,42,3,7,4,3,5,6,67,71,79,beginner_backend
686,Nicole Reynolds,51825736,65,86,61,4,2,5,3,6,6,47,63,76,advanced_backend
687,Velma Thomas,66846382,59,34,53,6,2,8,2,0,6,41,65,97,advanced_data_science
688,Reynaldo Murray,8105364,15,21,3,1,4,1,6,0,2,78,100,73,advanced_backend
689,Helen Clark,77832589,14,11,42,4,2,6,0,3,1,63,62,54,advanced_data_science
690,Sidney London,84038879,23,62,20,4,6,1,2,7,0,76,54,70,advanced_data_science
691,Kim Albaladejo,58019498,42,38,40,5,1,7,4,5,10,85,73,77,advanced_backend
692,Brian Martin,36996255,9,14,45,4,2,7,0,3,3,34,78,86,beginner_data_science
693,Mary Mercuri,5629201,10,64,44,7,0,10,4,3,7,84,57,73,advanced_backend
694,Anita Murphy,36012241,40,14,26,4,5,4,4,9,3,83,54,69,beginner_front_end
695,Charles Laigo,56027469,40,91,23,5,1,6,7,10,6,45,42,55,advanced_data_science
696,Richard Markus,17152526,39,41,33,2,7,3,3,7,4,76,75,61,beginner_front_end
697,Shirly Schiro,66395772,57,27,8,0,6,5,3,10,4,79,43,70,beginner_front_end
698,Debra Sanchez,80037848,63,22,16,4,2,1,5,3,2,74,78,89,advanced_backend
699,Toni Harrington,23200815,30,25,77,4,1,5,0,1,4,31,69,82,beginner_data_science
700,Robert Biederman,15752255,28,22,48,2,4,6,1,3,3,65,81,87,beginner_data_science
701,Beth Manning,41482862,24,57,45,3,5,4,4,4,5,65,74,68,advanced_front_end
702,Dennis Chase,44994062,27,113,65,6,7,4,5,3,1,88,44,44,advanced_front_end
703,Gertrude Grandi,23809101,45,63,45,5,1,0,5,6,2,67,84,100,beginner_backend
704,Noe Collins,58885055,8,1,41,4,2,1,4,4,4,63,75,81,beginner_data_science
705,Petra Rankin,3895324,36,25,56,4,3,3,3,3,3,65,70,73,beginner_data_science
706,Debra Pacheco,60102442,34,29,80,1,3,6,5,2,2,50,70,53,beginner_data_science
707,Kathleen Moneypenny,9735234,45,41,70,5,3,6,2,0,4,50,79,72,beginner_data_science
708,Patricia Kaminski,66016623,74,50,40,6,0,3,5,4,3,77,52,83,advanced_backend
709,Helen Bennett,20050902,62,39,38,0,6,5,1,4,0,51,52,53,beginner_front_end
710,Violet Presley,48430518,61,61,41,4,1,7,3,6,4,61,40,62,advanced_data_science
711,Mark Springer,96266523,4,83,49,6,5,3,1,4,4,52,84,42,advanced_front_end
712,Fredrick Spueler,45940137,17,20,41,5,5,1,0,2,5,65,58,86,beginner_data_science
713,Tonya Richardson,55409518,41,55,41,6,1,3,7,3,3,46,76,65,beginner_data_science
714,Michelle David,87890947,5,74,41,5,4,7,6,0,3,67,71,60,advanced_backend
715,Debra Merrifield,79855320,16,52,25,3,3,2,1,3,7,63,71,75,beginner_backend
716,Peter White,62528139,31,58,14,4,5,4,4,6,4,66,91,91,beginner_backend
717,Patricia Lahey,86653207,66,46,0,7,8,5,2,5,5,53,63,46,advanced_backend
718,Eileen Headd,47758143,0,78,60,4,4,7,4,6,5,66,77,42,advanced_front_end
719,Beth Moreschi,5307264,0,69,30,9,6,9,1,3,3,57,64,65,advanced_backend
720,Kimberly Austin,79240197,15,17,16,4,3,3,7,4,5,66,100,53,advanced_backend
721,Steven Her,38805351,15,35,15,8,4,8,3,2,7,82,77,74,advanced_backend
722,Lucia Tirey,85398426,35,47,28,2,5,7,5,2,1,100,75,46,beginner_backend
723,Tom Massey,7281761,24,61,36,4,4,2,2,3,6,60,70,85,beginner_backend
724,Lisa Fletcher,20832483,54,30,59,3,3,2,4,8,2,57,61,73,beginner_backend
725,Jean Hollinger,88107332,16,29,18,4,2,1,4,4,4,93,60,57,beginner_front_end
726,Kimberly Quintanilla,38595066,56,22,35,5,2,6,3,4,3,46,57,62,advanced_data_science
727,Susan Berry,81308731,39,29,28,5,0,7,6,4,9,88,74,82,advanced_backend
728,Alan Stroman,55269356,39,54,54,0,4,5,0,4,4,,55,67,beginner_data_science
729,Aletha Banerjee,74476414,12,55,60,7,2,5,1,6,2,67,64,100,advanced_backend
730,Margie Baker,45006941,22,18,39,1,5,5,1,5,3,77,75,89,beginner_data_science
731,Marcus Pease,26265532,49,26,54,3,8,3,5,4,5,63,74,69,beginner_front_end
732,Matthew Sandstrom,40530122,28,39,12,3,4,4,8,0,8,80,84,62,advanced_backend
733,Armando Mickey,87008338,78,65,42,5,3,5,8,6,5,34,50,67,advanced_data_science
734,Ivan Pritt,21080483,70,1,7,2,4,7,4,7,2,77,66,82,beginner_front_end
735,Vera Brewer,44791130,37,62,12,7,5,5,2,1,0,62,57,77,advanced_backend
736,Man Russell,54884131,0,58,29,7,4,8,7,0,6,78,64,74,advanced_backend
737,Ronald Matheny,64533328,41,57,3,7,2,7,0,3,0,74,62,76,advanced_data_science
738,Donald Fabela,50654621,46,21,52,3,6,4,3,4,4,83,89,86,beginner_data_science
739,Samuel Pruiett,86825063,87,10,60,4,8,,4,5,0,50,62,79,beginner_front_end
740,Gordon Stoute,75943262,38,51,30,2,4,3,4,5,3,77,71,67,beginner_backend
741,Michael Mcguire,68125404,0,63,49,6,1,8,6,1,8,100,72,70,advanced_backend
742,Christina Proctor,40542396,47,45,42,2,0,2,6,6,3,64,72,85,beginner_backend
743,James Compton,10270,26,32,64,4,4,3,7,2,4,83,76,49,beginner_data_science
744,David Obryant,14778152,0,56,42,4,5,4,2,6,4,44,68,44,advanced_front_end
745,Edward Booth,27087451,21,60,53,2,4,4,2,5,3,72,55,78,advanced_data_science
746,Brian Madrid,67349743,17,57,42,6,6,1,6,2,4,,78,54,beginner_front_end
747,Brandon Mattox,5068000,36,46,0,1,2,0,1,3,5,79,55,38,beginner_front_end
748,Lara Peters,49479639,45,18,8,0,5,4,5,6,3,71,66,75,beginner_data_science
749,Mary Brookshire,99528812,3,14,85,4,1,9,1,1,2,35,71,60,beginner_data_science
750,Ronald Humes,83409223,52,67,16,2,4,6,3,3,5,53,75,46,advanced_backend
751,Kenneth Perron,47685630,43,54,46,4,6,3,3,2,2,62,66,55,advanced_front_end
752,Julianne Rusher,50553487,12,24,40,3,6,4,5,4,5,72,64,64,beginner_backend
753,Jerry Mccall,15819313,9,80,39,2,6,2,5,6,3,54,70,65,advanced_front_end
754,Pamela Thomas,44760382,73,42,0,9,2,7,3,5,2,52,67,70,advanced_data_science
755,Kirk Shelton,19633769,8,60,1,1,1,4,0,4,3,76,69,57,beginner_backend
756,Richard Pendry,40861964,45,41,22,5,3,7,2,4,5,42,80,74,advanced_data_science
757,David Lovins,39499156,56,45,50,4,4,5,0,2,1,74,40,69,advanced_data_science
758,Edward Hodges,23102212,31,28,66,3,4,1,5,5,1,72,54,57,beginner_front_end
759,Everett Reveles,45923818,23,40,25,5,5,3,4,6,2,83,76,71,beginner_backend
760,Cynthia Elwood,85472340,29,47,43,3,4,5,3,4,4,76,90,80,beginner_backend
761,Ronnie Williams,22790912,25,17,34,1,3,9,3,5,2,86,79,63,beginner_data_science
762,Norma Hurtado,80368418,36,10,79,1,1,0,7,3,2,55,73,58,beginner_data_science
763,Karen Liston,92723117,33,41,19,2,6,2,1,8,1,95,57,64,beginner_backend
764,Joyce Smith,69306145,18,49,15,4,3,4,5,3,4,65,84,60,advanced_backend
765,Magdalena Felipe,47816650,56,24,41,2,4,5,0,5,3,52,54,44,advanced_data_science
766,Trisha Lively,97750451,80,69,12,6,2,6,4,10,5,52,59,62,advanced_data_science
767,Dante Galyean,12350917,82,71,65,4,7,1,4,4,0,73,62,56,advanced_front_end
768,Tony Bemis,22131418,49,7,24,2,4,4,4,7,4,73,49,67,beginner_front_end
769,Joshua Hansen,43678215,55,58,85,2,1,5,5,4,7,54,67,94,advanced_data_science
770,Marcus Haley,1602313,21,38,41,5,4,1,5,5,2,84,71,85,beginner_backend
771,Agnes Horton,24723224,26,30,29,3,2,8,0,4,3,65,78,88,beginner_data_science
772,Micheal Mclean,56351000,29,60,10,6,4,4,4,5,2,53,68,73,advanced_data_science
773,Mary Hill,39571214,43,50,63,3,7,1,3,6,1,64,58,49,beginner_front_end
774,Allen Estrada,30304238,51,48,26,5,2,3,3,8,1,70,44,49,advanced_data_science
775,Charlie Sandoval,82580482,29,7,15,6,4,6,3,6,10,82,99,59,advanced_backend
776,Joseph Hutchinson,9178442,12,20,55,4,5,0,5,9,1,78,62,89,beginner_backend
777,Jerry Egan,48678721,17,28,2,6,4,6,8,2,9,89,76,50,advanced_backend
778,Jamie Amick,63267262,78,58,63,1,3,0,7,6,3,68,99,77,beginner_data_science
779,Dorothy Bradley,96685412,57,30,24,2,6,3,1,6,3,77,58,58,beginner_front_end
780,Gene Brown,82440503,1,25,38,4,4,10,0,1,4,63,87,88,beginner_data_science
781,Dana Pope,1412274,96,43,44,5,7,1,5,4,1,71,68,83,advanced_front_end
782,Billy Dean,60510259,39,57,58,3,4,5,5,5,3,75,53,68,advanced_front_end
783,Brandy Coble,92382314,40,67,42,6,6,1,2,5,6,82,50,35,beginner_front_end
784,David Martin,76731750,20,52,39,7,3,8,4,4,8,79,62,81,advanced_backend
785,Jordan Johnson,54915829,45,47,36,5,3,6,3,5,5,68,73,71,advanced_backend
786,Edna Jackson,86815804,12,2,55,1,0,3,5,4,1,35,22,42,beginner_data_science
787,Brittany Zackery,90917988,86,30,29,8,1,9,2,4,3,45,61,63,advanced_data_science
788,Wendell Buckley,52924276,39,47,41,2,1,2,4,6,4,63,82,77,beginner_backend
789,Clinton Andrews,62711848,49,55,38,4,3,2,2,10,0,54,56,74,beginner_backend
790,Gene Daley,8360657,30,62,5,7,1,6,3,3,3,63,49,80,advanced_data_science
791,Martin Jones,2949944,29,68,61,6,0,5,5,6,0,58,57,80,advanced_backend
792,Daniel Holmes,32516541,47,64,26,4,2,2,2,8,1,58,59,77,beginner_backend
793,James Sleiman,77477366,47,9,39,4,3,4,3,3,4,48,69,71,advanced_data_science
794,Emilio Winder,75138678,69,71,84,3,6,4,2,4,2,57,58,62,beginner_data_science
795,Fred Garner,75062035,42,43,47,2,6,1,5,6,2,71,58,55,beginner_front_end
796,Shaun Avila,69659016,45,72,60,7,0,7,4,3,4,86,51,80,advanced_backend
797,Kathryn Gerard,76578422,64,74,13,4,5,4,4,3,2,44,50,58,advanced_backend
798,Russell Asato,9913644,14,34,44,1,6,3,0,7,3,80,67,74,beginner_backend
799,Amber Chang,17246373,74,14,13,3,3,4,1,5,3,69,45,54,beginner_front_end
800,Jennifer Evans,16614639,47,63,25,2,4,0,4,5,4,37,72,94,advanced_front_end
801,Leslie Roden,4208627,6,27,7,6,3,5,5,1,2,86,83,75,advanced_backend
802,Herbert Venable,46381544,20,46,63,3,6,8,2,4,1,65,74,74,beginner_data_science
803,Linda Wilcox,60246300,52,56,78,6,4,4,2,4,4,55,85,75,beginner_data_science
804,Sandra Howard,60474099,31,22,61,6,1,3,4,1,4,50,64,60,beginner_data_science
805,Candice Carn,59888879,36,37,28,3,6,0,5,7,2,60,56,60,advanced_data_science
806,Clara Wills,86816136,55,68,63,6,5,5,4,1,3,64,66,67,beginner_data_science
807,Myrtle Arthur,12867828,21,74,0,6,5,1,2,6,4,75,80,89,beginner_backend
808,Kellie Gardea,32935245,48,19,32,3,5,3,5,4,3,67,67,64,beginner_front_end
809,Edward Cates,88990937,66,45,32,5,7,3,3,5,4,67,52,51,beginner_front_end
810,David Robin,44868543,59,43,41,1,5,2,3,5,2,56,58,67,advanced_front_end
811,Donald Peel,28984844,54,18,50,2,2,1,1,6,4,41,80,72,advanced_front_end
812,Dan Blight,32230255,32,49,40,3,4,1,2,6,5,33,91,69,advanced_front_end
813,Kristen Cramer,6550576,80,61,10,4,6,2,7,1,3,51,55,58,advanced_backend
814,Elma Bell,52177723,42,34,28,5,3,2,3,6,4,77,55,57,beginner_front_end
815,Joseph Jolivette,74132634,63,68,50,3,4,1,2,3,2,47,69,56,advanced_front_end
816,Kathryn Long,65572462,25,50,13,9,2,10,0,1,3,55,100,100,advanced_data_science
817,Frank Richardson,7790411,81,73,57,5,2,6,4,8,10,53,52,67,advanced_backend
818,Nancy Abel,7275606,25,43,58,5,8,3,2,11,0,72,68,79,beginner_backend
819,Henry Radtke,94985571,9,24,21,2,4,8,0,3,3,59,60,78,beginner_data_science
820,James Vega,98688624,0,50,71,2,5,3,4,5,4,81,65,76,advanced_front_end
821,Frances Ashby,78056706,73,81,5,4,0,1,3,6,4,55,59,68,beginner_backend
822,Liza Duncan,23938570,11,32,24,1,1,3,4,5,5,74,82,74,beginner_backend
823,Randy Graham,44682928,74,18,33,4,5,5,2,5,2,53,48,61,beginner_front_end
824,Debra Todaro,44560364,69,35,38,3,7,6,4,6,5,62,42,57,beginner_front_end
825,Holly Deleon,81354164,22,47,38,5,2,0,3,4,4,72,71,74,beginner_backend
826,Guy Sanchez,40662075,44,64,41,5,3,3,4,4,2,70,73,76,beginner_backend
827,John Villa,74740977,21,37,15,6,5,3,7,0,3,89,79,60,advanced_backend
828,Valeria Meagher,30879376,16,52,58,6,1,3,6,5,4,73,71,93,advanced_backend
829,Karen Zawacki,75030979,49,69,22,7,6,2,4,5,4,75,73,74,beginner_backend
830,Laura Perez,4037315,22,52,29,6,3,4,5,2,3,76,69,71,advanced_backend
831,Anna Lumpkin,69131015,44,25,8,1,7,3,3,4,3,78,83,68,beginner_front_end
832,Nelda Timko,29200038,33,16,12,3,3,2,10,3,8,78,89,65,advanced_backend
833,Jeanette Morrow,33266654,53,46,0,8,4,3,5,6,0,58,78,63,advanced_data_science
834,Annabelle Crockett,64641960,6,27,47,3,3,9,5,1,1,64,96,67,beginner_data_science
835,Joyce Hodge,56567161,77,12,23,3,7,6,5,4,4,56,65,75,beginner_front_end
836,Emily Austell,5659088,36,66,59,5,4,4,0,2,5,39,55,77,beginner_data_science
837,Marion Geraldo,98525100,22,20,96,5,2,3,2,2,3,25,62,69,beginner_data_science
838,David Pinedo,65373484,59,16,25,3,4,9,3,6,3,60,71,30,advanced_front_end
839,Doris Diaz,89741832,33,42,54,6,5,3,2,8,5,75,56,57,beginner_front_end
840,Christopher Beauvais,25337159,105,0,28,5,8,11,7,7,3,56,62,96,beginner_front_end
841,Clarence Johnson,10878491,86,43,43,5,4,2,3,4,3,60,75,70,advanced_front_end
842,David Sloan,42851706,50,34,40,4,2,5,5,6,9,72,81,66,advanced_backend
843,Millard Magee,70070656,26,80,,3,6,0,3,5,3,75,74,42,beginner_front_end
844,Mitchell Wendt,16068669,45,18,46,5,3,4,5,5,4,76,53,63,beginner_front_end
845,Harold Davis,90067012,22,10,1,3,0,0,1,5,2,87,63,54,beginner_front_end
846,Beverly Black,56800499,69,64,6,9,2,9,2,6,3,52,62,69,advanced_data_science
847,Anna Spencer,99942404,22,46,47,3,6,3,2,6,2,79,78,77,beginner_backend
848,Mark Iglesia,16056837,47,57,43,2,5,0,3,4,2,55,80,75,advanced_front_end
849,Naomi Tolbert,54112582,43,81,0,7,4,7,5,7,2,50,83,78,advanced_data_science
850,Julio Loken,90037194,18,89,19,6,3,5,5,6,3,65,65,88,advanced_data_science
851,Lanie Wendt,44428737,34,27,21,0,6,3,4,6,5,38,83,67,advanced_front_end
852,Margaret Overton,34052813,10,10,31,0,3,5,6,4,3,85,81,68,beginner_backend
853,Tami Hernandez,24489721,33,55,20,2,2,2,8,0,3,79,74,62,advanced_backend
854,Shaun Ruiz,42813278,53,32,22,5,4,6,3,5,6,63,77,60,advanced_backend
855,Molly Stewart,22126297,39,37,19,6,3,6,8,4,7,73,65,61,beginner_data_science
856,Kyra Price,48274909,30,27,35,5,1,4,5,3,7,97,79,88,advanced_backend
857,Paul Cruz,10699643,26,43,46,3,1,4,6,3,5,56,87,78,beginner_backend
858,Paula Foresta,5450941,7,17,64,5,4,4,2,1,5,79,87,74,beginner_data_science
859,Anna Provencher,60253648,0,65,70,3,4,5,3,6,3,71,65,47,advanced_front_end
860,Jutta Bugg,58081767,52,86,26,5,4,0,2,8,1,67,70,85,beginner_backend
861,Williams Vassar,80155609,41,83,20,7,3,4,7,5,2,61,37,65,advanced_data_science
862,Maureen Fico,46968772,23,34,56,0,4,7,0,3,3,,87,89,beginner_data_science
863,Beverly Hollingsworth,74989876,28,53,54,1,6,1,3,5,2,48,64,68,advanced_front_end
864,Darleen Ortiz,30697287,75,33,45,3,8,2,6,5,5,59,52,51,beginner_front_end
865,Juan Sadler,44663802,0,46,39,2,2,6,6,3,7,74,94,80,advanced_backend
866,Victor Geppert,64774053,48,45,37,4,5,4,2,4,2,58,68,42,advanced_front_end
867,Patricia Rosado,20691090,45,25,9,4,5,3,2,3,3,73,62,60,beginner_front_end
868,Carmen Briney,7735354,43,36,77,2,4,2,5,2,3,54,48,79,advanced_data_science
869,Raphael Williams,45765502,37,25,18,1,3,2,2,6,3,52,61,89,beginner_data_science
870,Kimberly Spencer,72108840,29,56,60,5,4,2,3,3,3,74,80,70,beginner_backend
871,Rita Dobbs,46628920,67,0,40,5,6,7,3,4,2,63,54,79,beginner_front_end
872,Sallie Robinson,71609034,57,36,49,2,3,6,6,1,1,47,70,64,beginner_data_science
873,Darrell Patel,92617073,0,0,60,2,8,5,1,9,0,83,55,74,beginner_backend
874,Evelyn Mitchell,87503665,50,28,22,6,4,5,2,5,5,77,72,77,advanced_backend
875,May Corbett,56262887,50,79,0,4,4,4,1,4,5,73,65,52,beginner_backend
876,Lauren Watanabe,18154167,21,16,53,0,3,6,6,5,1,59,76,61,beginner_data_science
877,Matthew Dunnaway,70552047,22,34,34,1,4,4,4,6,4,87,98,81,beginner_backend
878,Richard Murrell,8245357,53,37,47,3,2,0,2,2,2,59,38,43,beginner_front_end
879,Franklin Brewer,3025068,58,0,0,1,1,0,11,3,3,71,93,64,advanced_backend
880,Robert Garcia,26536557,37,48,60,3,5,1,5,3,2,69,61,52,beginner_front_end
881,Robert Slade,17843701,53,63,36,5,1,0,4,5,4,71,92,90,beginner_backend
882,James Keller,94534642,25,8,6,0,8,3,4,5,2,87,75,74,beginner_front_end
883,Wayne Sargent,27559439,89,54,12,9,2,7,3,4,3,65,61,81,advanced_data_science
884,Norman Gendreau,71923780,47,49,29,4,4,3,1,1,6,58,73,91,beginner_data_science
885,Brian Robinson,75950239,41,81,68,6,5,2,4,5,1,63,58,55,advanced_front_end
886,Thomas Loomis,18152863,68,0,71,3,6,2,2,2,3,53,80,92,advanced_data_science
887,Charles Chan,19531826,0,68,44,5,2,5,6,2,1,76,73,67,advanced_backend
888,Douglas Williams,59721763,48,48,31,2,2,4,6,4,6,64,77,71,advanced_backend
889,Jason Hager,20185757,57,62,21,8,4,4,5,4,0,61,59,72,advanced_data_science
890,Bradley Walla,306401,28,0,64,1,2,2,0,4,2,55,67,58,advanced_front_end
891,Samuel Looney,76439975,49,78,20,5,4,1,7,7,2,69,42,76,advanced_data_science
892,Teresa Traub,41601697,14,36,0,2,4,0,2,3,4,83,71,50,beginner_front_end
893,Beverly Rathbun,84737762,35,38,1,9,7,5,5,4,3,62,57,54,advanced_backend
894,James Jordan,65125879,24,51,41,4,5,7,0,1,4,50,68,85,beginner_data_science
895,John Burchinal,93838536,38,32,31,5,7,5,3,6,2,78,72,69,beginner_front_end
896,August Ramirez,26856779,38,53,35,6,3,0,3,6,3,64,64,81,beginner_backend
897,Doris Trell,33845716,17,29,25,8,2,5,7,4,6,86,68,80,advanced_backend
898,Thomas Wyrick,87278437,59,93,45,3,2,7,2,4,3,55,57,54,advanced_backend
899,Lauren Riley,2795113,9,50,19,0,3,3,0,4,4,,79,65,beginner_backend
900,John Hogan,67530676,16,24,25,2,3,3,6,5,2,84,63,68,beginner_backend
901,Jo Hursey,39640899,30,27,63,2,3,6,6,2,6,60,82,62,beginner_backend
902,Linda Burdette,19269167,14,51,33,2,6,1,3,5,3,85,84,59,beginner_front_end
903,Heather Lee,80184660,38,87,75,3,5,3,5,6,2,68,41,63,advanced_data_science
904,Charles Wunderlich,12181557,13,27,61,2,4,0,2,7,6,36,78,81,advanced_front_end
905,Vera Tolbert,89264064,37,49,49,3,2,4,2,6,1,59,46,52,beginner_backend
906,Shawn Mcelroy,59716843,54,92,32,4,10,2,8,3,1,78,61,74,advanced_front_end
907,Alex Nelson,84315229,88,23,31,7,5,4,2,8,0,55,77,46,advanced_data_science
908,Charlotte Brown,27011392,60,10,72,0,5,,5,7,1,58,56,76,beginner_front_end
909,Charles Clark,61732445,59,0,42,2,7,3,2,4,1,60,59,57,advanced_front_end
910,Dollie Pyle,43499827,35,40,3,5,3,6,3,5,2,52,81,68,advanced_data_science
911,Eugene Perry,3706467,37,38,35,2,3,1,0,2,1,67,54,50,beginner_front_end
912,Arthur Luera,44488287,12,19,6,1,3,0,4,5,4,87,77,63,beginner_front_end
913,Dionna Burton,28306078,37,38,40,2,6,1,5,7,3,77,65,57,beginner_front_end
914,Ronald Clasen,11504614,42,59,23,4,4,3,2,5,2,77,67,50,beginner_front_end
915,Robert Bradford,21066711,0,0,82,0,0,7,1,9,4,65,52,45,advanced_front_end
916,Warren Rivera,54503025,23,21,12,1,3,1,0,5,4,70,39,78,beginner_front_end
917,Alicia Jones,33349022,9,44,35,2,7,1,1,4,3,34,95,51,advanced_front_end
918,Vivian Wiker,45034818,25,50,45,5,5,0,5,5,5,71,92,95,beginner_backend
919,Patricia Rafter,93673406,38,46,0,5,4,3,4,5,0,63,48,57,advanced_data_science
920,Kathryn Bond,31529320,81,67,72,0,4,6,1,4,3,36,88,,beginner_data_science
921,Michael White,47900300,0,25,69,0,4,4,1,6,0,95,92,82,beginner_backend
922,Tiffany Palacios,3759686,25,43,23,7,2,9,0,1,4,57,88,99,advanced_data_science
923,Brett Kresge,63058158,48,33,22,7,3,6,3,4,7,84,78,70,advanced_backend
924,Horace Daly,26837651,33,55,30,4,3,5,3,6,0,71,53,59,beginner_backend
925,Simone Boose,97331000,80,67,22,3,1,4,6,3,4,73,66,64,beginner_backend
926,Jose Keen,87084720,42,67,60,3,3,1,3,5,3,49,69,68,advanced_front_end
927,Steven Necaise,70062909,10,61,50,5,3,5,4,4,6,71,76,70,advanced_backend
928,George Rohrs,51557094,31,38,31,5,2,2,3,7,5,85,41,52,beginner_front_end
929,Amanda Castro,76361570,67,40,46,4,5,3,3,3,2,58,49,50,beginner_front_end
930,Robert Hutchinson,49721907,58,31,18,7,2,7,2,4,4,58,78,88,advanced_data_science
931,Eric Respress,37273280,53,19,35,5,0,8,0,4,5,60,69,77,advanced_data_science
932,Maureen Lynch,33412746,49,36,16,3,10,3,5,5,6,76,76,62,beginner_front_end
933,Leslie Phelps,34212478,51,23,0,2,6,3,2,1,4,73,51,52,beginner_front_end
934,Tina Christopher,60189225,46,13,9,3,7,2,4,4,5,75,76,64,beginner_front_end
935,John Larson,94945029,66,42,50,5,4,5,1,2,2,66,47,80,advanced_data_science
936,Michelle Mintz,17105636,46,56,20,4,5,4,6,6,2,48,58,62,advanced_data_science
937,Mary Clark,64831569,56,52,43,6,3,8,3,3,6,36,72,76,advanced_data_science
938,Chad Thompson,13023446,12,19,41,2,3,4,4,3,3,60,85,76,beginner_data_science
939,Benny Gowers,32665891,47,0,35,1,4,3,0,6,4,30,85,55,advanced_front_end
940,Michael Monahan,9779039,53,32,29,1,7,8,6,5,2,74,58,46,advanced_front_end
941,Larry Davis,38002078,12,42,50,2,1,3,6,5,5,77,89,81,advanced_backend
942,James Boscio,69865955,42,60,42,5,2,0,0,3,6,60,63,70,beginner_backend
943,Carl Barra,87532770,45,0,53,3,4,3,7,4,2,66,53,78,beginner_front_end
944,Robin Post,21955928,25,41,58,2,2,2,2,6,3,70,80,81,beginner_backend
945,Gladys Larose,13279294,34,63,38,1,1,0,8,4,1,54,67,79,advanced_backend
946,Philip Biros,58522513,35,17,39,0,3,5,6,6,0,52,49,54,beginner_data_science
947,Katrina Marshall,82854675,22,58,45,2,4,2,3,7,3,56,70,70,advanced_front_end
948,Albert Bobrow,99518620,54,20,29,1,4,4,2,8,0,71,60,70,beginner_front_end
949,Paulina Love,89387919,64,43,41,4,3,6,3,5,4,49,60,61,advanced_data_science
950,Jon Dillon,27030149,43,46,49,3,1,1,7,7,0,80,90,95,beginner_backend
951,Jeffrey Pearl,54315782,11,77,43,4,3,2,11,2,4,57,57,71,advanced_backend
952,Jean Aviles,55806552,39,37,30,2,0,2,0,4,1,73,33,47,beginner_front_end
953,Ida Tellez,19308274,11,38,25,5,6,5,2,3,3,62,93,75,advanced_backend
954,Rosa Blatt,8104339,13,18,26,8,4,6,4,6,7,81,80,69,advanced_backend
955,Janice Bedard,73410508,13,8,74,1,3,7,1,6,2,62,80,70,beginner_data_science
956,Mabel Ketron,3426984,22,54,68,5,5,7,2,5,2,67,60,19,advanced_front_end
957,Jason Brown,96477793,33,1,32,0,1,0,1,3,0,70,71,,beginner_front_end
958,Nell Cassidy,43866021,48,54,50,3,1,0,7,4,5,71,89,95,beginner_backend
959,Annette Apolo,97604467,16,41,22,1,3,0,0,6,2,86,59,49,beginner_front_end
960,Tracy Candelario,41243038,54,13,61,2,3,1,0,6,3,21,62,52,advanced_front_end
961,Lloyd Rowe,17932220,62,15,72,5,11,6,5,8,3,62,61,78,beginner_front_end
962,Brian Dillon,4560501,15,70,9,3,2,0,0,5,4,69,65,80,beginner_backend
963,Ashley Craghead,40779806,49,51,24,4,8,3,3,4,3,61,83,98,beginner_data_science
964,Norma Patty,43649463,40,36,25,1,6,2,1,6,2,76,60,57,beginner_front_end
965,Jennifer Lee,67507146,37,38,50,3,4,7,2,1,3,52,82,76,beginner_data_science
966,James Rave,54055571,43,34,28,2,5,3,3,6,2,76,70,65,advanced_data_science
967,John Puleio,89184553,16,50,26,5,2,7,2,3,4,77,78,69,advanced_front_end
968,Matthew Prior,77177447,7,13,31,3,1,5,3,3,3,58,51,63,beginner_data_science
969,Eric Colangelo,92637547,85,32,25,2,8,6,3,6,6,60,37,55,beginner_front_end
970,Barbara Vanduzer,76473363,0,44,45,0,5,6,5,7,3,52,55,49,advanced_front_end
971,Nicole Hudson,21009327,45,59,27,3,2,3,2,7,0,70,64,59,beginner_backend
972,James Kehres,6268997,0,47,72,2,2,2,2,8,4,38,72,61,advanced_front_end
973,Margaret Hughes,44270711,50,31,0,2,2,2,7,1,3,74,77,81,advanced_backend
974,Julie Robinson,49216309,0,2,43,0,4,1,4,4,5,95,83,92,beginner_backend
975,Larry Szymanski,34631767,43,56,52,5,4,3,7,3,5,46,57,87,advanced_data_science
976,Enoch Givens,52321719,14,55,51,2,6,0,2,6,2,50,83,68,advanced_front_end
977,Marjorie Hunt,92703650,0,0,3,0,3,5,5,3,3,50,58,76,beginner_data_science
978,Selma Ehrhardt,5004575,0,18,56,0,1,4,3,10,5,41,65,68,advanced_front_end
979,Charles Hill,39707066,22,20,42,2,4,6,1,5,3,56,64,37,advanced_front_end
980,Matthew Patterson,31952990,0,74,30,2,7,0,5,6,4,51,77,87,advanced_front_end
981,Kenneth Burlock,30313533,83,34,9,6,2,4,6,1,5,89,59,73,advanced_backend
982,Jonathan Blair,38666959,16,19,49,3,0,7,2,3,3,58,66,63,beginner_data_science
983,Keith Lingenfelter,67506276,43,60,48,5,2,4,6,6,4,57,56,70,advanced_backend
984,Daniel Hart,82403540,62,45,9,4,7,2,4,1,6,64,63,46,beginner_front_end
985,Tami Isham,42884750,40,68,53,5,3,6,3,2,8,85,63,79,advanced_backend
986,Gloria Wagner,91332508,61,47,34,4,1,5,7,5,6,71,65,58,advanced_backend
987,Peter Hernandez,33872648,47,0,38,5,6,4,6,5,5,76,63,74,beginner_front_end
988,Jimmy Hodde,97156681,43,47,29,7,2,6,0,4,2,68,62,81,advanced_data_science
989,Amber Tanaka,8486058,20,33,20,7,3,5,7,3,4,74,71,64,advanced_backend
990,Daniel Whatley,82354061,63,23,23,3,4,3,3,3,0,64,67,59,beginner_front_end
991,Walter Moore,86265506,49,57,70,2,6,0,5,5,1,67,38,61,advanced_data_science
992,Tyrone Graham,67123099,22,19,63,5,2,6,6,1,3,80,73,53,beginner_data_science
993,Erik Mazur,92339851,61,80,26,3,3,3,1,4,5,72,74,68,beginner_backend
994,Norma Morales,58464941,39,72,23,3,4,1,7,0,0,65,59,70,advanced_backend
995,Craig Blakely,67393480,59,35,18,7,2,8,1,4,3,48,69,68,advanced_data_science
996,Gary Perez,91234422,27,75,57,5,5,1,4,5,4,58,79,76,advanced_front_end
997,Mina Peterson,84874837,12,34,3,1,4,6,0,7,2,64,48,49,beginner_backend
